massa,vel_x,vel_y
5.813457264e-26,36.65848092205602,139.90170113799144
5.813457264e-26,-48.99488822383189,24.291005416105463
3.819884112e-26,-0.0,0.0
3.819884112e-26,227.8173228521876,-155.13551890516433
5.813457264e-26,226.6943527187899,-115.97755573341726
5.813457264e-26,-63.54409963376597,162.02075182508665
5.813457264e-26,195.91075576141247,83.98163863765623
5.813457264e-26,-4.112317226247185,-125.40183935824385
5.813457264e-26,117.77884065146796,-58.27862667634216
5.813457264e-26,-150.13144114020855,8.653107286988643
5.813457264e-26,80.32896273581257,-164.5981585409957
5.813457264e-26,-129.37914686214322,-95.07950701002181
3.819884112e-26,-135.85652984362525,-336.9814897130892
3.819884112e-26,0.0,0.0
3.819884112e-26,0.0,0.0
5.813457264e-26,-162.0449346784198,206.28683067322396
5.813457264e-26,231.83673387248905,41.02634210297589
5.813457264e-26,-106.39724288980511,10.065379108633465
3.819884112e-26,0.0,0.0
5.813457264e-26,11.103326879961315,-125.47646403393057
5.813457264e-26,24.872745302490557,-147.3623578197934
5.813457264e-26,14.028782613242456,-69.32803860151816
3.819884112e-26,178.91432657437855,-133.3807523689553
5.813457264e-26,-305.3603200189838,-51.893481861660945
5.813457264e-26,-16.690758786520263,-79.98542785475362
5.813457264e-26,51.094494410911096,46.82378512056925
5.813457264e-26,-359.8451011794442,396.11973718592577
5.813457264e-26,15.11604708228183,-68.59557957229276
5.813457264e-26,-153.86553041925708,127.95357040662732
3.819884112e-26,0.0,0.0
5.813457264e-26,122.60816358608275,34.92223263002198
5.813457264e-26,-34.42183912580807,89.0186234932583
3.819884112e-26,0.0,0.0
5.813457264e-26,150.1988542757415,-125.45992100195721
5.813457264e-26,329.2878313103846,-41.701816487276766
5.813457264e-26,63.33697134203972,226.7932257463209
3.819884112e-26,0.0,0.0
5.813457264e-26,158.68939993760665,225.53603728788437
5.813457264e-26,72.65690643155119,-297.68178851148343
3.819884112e-26,0.0,0.0
5.813457264e-26,133.4560181017198,-158.0008619536728
5.813457264e-26,-379.9417915787366,260.11364867428415
5.813457264e-26,67.62958763236895,95.36180356531554
5.813457264e-26,364.17275341818015,-11.697947212677718
5.813457264e-26,-85.19256833016333,40.55833405776042
3.819884112e-26,0.0,0.0
5.813457264e-26,325.4845576498736,80.47170791358428
3.819884112e-26,55.536697813892474,-119.55240598388522
5.813457264e-26,-24.60892298818345,-81.65918862391857
5.813457264e-26,223.55546284768684,30.425874326273615
5.813457264e-26,43.646042887509154,-125.23906389458354
5.813457264e-26,414.7045398620681,-148.5859300734697
3.819884112e-26,0.0,0.0
5.813457264e-26,-181.13496749165677,-62.331184796266626
3.819884112e-26,0.0,0.0
5.813457264e-26,35.923856012966866,2.19492005490034
3.819884112e-26,-0.0,-0.0
5.813457264e-26,-211.0369102973856,199.61140922031188
5.813457264e-26,-25.7712346907432,-26.14520255439063
3.819884112e-26,0.0,0.0
3.819884112e-26,0.0,-0.0
3.819884112e-26,0.0,0.0
3.819884112e-26,0.0,0.0
5.813457264e-26,99.9128118142293,-24.00575114073085
3.819884112e-26,0.0,0.0
5.813457264e-26,54.38445842632956,107.59753010121946
5.813457264e-26,81.36613450295837,104.8089866297355
5.813457264e-26,98.96457455963113,216.30529242195604
3.819884112e-26,0.0,0.0
5.813457264e-26,36.47429076025281,282.28069355398316
5.813457264e-26,-90.80699740119644,-87.30795424001874
3.819884112e-26,0.0,-0.0
3.819884112e-26,-20.496735151404778,-69.02567370649669
3.819884112e-26,0.0,0.0
5.813457264e-26,137.17474312601274,-60.43583755253471
5.813457264e-26,-119.92958926047325,52.919517760089704
5.813457264e-26,56.306088541707595,-71.2767126953986
3.819884112e-26,60.865242382412646,433.8607904327062
3.819884112e-26,0.0,0.0
5.813457264e-26,-195.48496872772637,-103.52877179980453
5.813457264e-26,25.62096659876096,79.5510136283866
5.813457264e-26,-445.789879089349,-149.6828717437823
5.813457264e-26,125.85472093160672,-133.58500611783214
5.813457264e-26,407.55087448287554,-33.700504777956496
5.813457264e-26,-113.85592968892267,-24.042226998197208
5.813457264e-26,-134.7647070471776,-2.101639184303963
5.813457264e-26,38.59060845321816,-77.36524752875363
3.819884112e-26,191.19091828841238,-131.38731677892054
5.813457264e-26,-55.73295818444072,51.37060384083671
5.813457264e-26,-102.76726194694704,116.24086303663256
5.813457264e-26,69.55996309889312,71.24167187448657
5.813457264e-26,-133.26445010708466,132.61311734579527
3.819884112e-26,-269.0400774556448,-84.37182839852736
5.813457264e-26,70.98866051207726,45.96544688718042
3.819884112e-26,0.0,0.0
3.819884112e-26,0.0,0.0
3.819884112e-26,-0.0,-0.0
3.819884112e-26,0.0,0.0
3.819884112e-26,0.0,0.0
5.813457264e-26,418.8814800440325,56.55597318406649
3.819884112e-26,189.794782853229,-2.731623033484979
5.813457264e-26,-60.83641377795968,-39.65882064328531
3.819884112e-26,0.0,0.0
3.819884112e-26,0.0,0.0
3.819884112e-26,0.0,0.0
3.819884112e-26,0.0,0.0
5.813457264e-26,-37.11714705560624,-111.73947540072483
3.819884112e-26,0.0,0.0
3.819884112e-26,61.33554343679094,-31.789916375889206
5.813457264e-26,117.61640079468992,-118.8714581187726
5.813457264e-26,9.262872184134636,60.81931542518444
5.813457264e-26,-11.713061198035376,24.272190529055365
5.813457264e-26,-204.86211371041497,-66.91424290381337
5.813457264e-26,107.23909059077398,-226.57151907659542
5.813457264e-26,-222.0027896393231,29.623462933853453
5.813457264e-26,-327.5731307924059,-4.340401960426391
5.813457264e-26,81.5244616738583,15.451609769169977
5.813457264e-26,160.71210012711165,-151.26907869725054
3.819884112e-26,0.0,0.0
5.813457264e-26,-49.24094134897507,81.09493000841408
5.813457264e-26,-97.9677912859928,28.41881751634685
3.819884112e-26,0.0,0.0
5.813457264e-26,36.554242348836624,-67.29038286453336
5.813457264e-26,-173.37160183886573,37.994803609272815
5.813457264e-26,115.03449879600397,-42.84384752187444
5.813457264e-26,-181.84168358386376,65.71169053917507
3.819884112e-26,0.0,-0.0
3.819884112e-26,0.0,0.0
5.813457264e-26,71.016726634941,20.76253863410922
5.813457264e-26,-184.30539598649023,162.13441064549636
5.813457264e-26,-44.35610773087231,-76.67156211931461
3.819884112e-26,0.0,0.0
3.819884112e-26,-369.6349343830933,9.635284039932174
5.813457264e-26,-86.49930011282753,109.81502224436139
3.819884112e-26,0.0,0.0
5.813457264e-26,-23.75126327459266,148.64022723923756
5.813457264e-26,-57.69995068668953,158.59111011668364
5.813457264e-26,196.68255257276059,-50.1653951062265
5.813457264e-26,-142.32420920062316,367.8503912086634
5.813457264e-26,-224.6861084794845,195.3117742636362
5.813457264e-26,-110.19773521306668,225.90104976216628
5.813457264e-26,-131.06940621236205,-16.217911385883028
3.819884112e-26,0.0,0.0
5.813457264e-26,208.39397264573756,-52.127790194872944
5.813457264e-26,-202.1539904390341,-40.5065132889203
3.819884112e-26,-0.0,0.0
5.813457264e-26,-97.7598170254685,7.516783323593984
5.813457264e-26,0.5796074349846378,-163.70319820031773
5.813457264e-26,-39.702732836870595,-64.00260212068422
5.813457264e-26,64.26526594951945,-349.42852507533456
3.819884112e-26,-9.873396759679352,171.69810593433067
5.813457264e-26,260.6386117296967,35.280231550604526
5.813457264e-26,-12.674690143206405,-21.804690961439633
3.819884112e-26,0.0,0.0
5.813457264e-26,-227.659342585038,-309.8928615545726
5.813457264e-26,240.23774112166097,-90.01471114271823
5.813457264e-26,170.16734740305048,140.0905019462657
3.819884112e-26,0.0,0.0
3.819884112e-26,-98.25544764946393,35.09699524001928
5.813457264e-26,51.30916158307522,246.16055989627318
3.819884112e-26,6.674257338759638,243.76123308689614
5.813457264e-26,7.415861106425979,343.18393771036597
3.819884112e-26,0.0,0.0
3.819884112e-26,0.0,0.0
5.813457264e-26,-167.30372910105086,-44.63781562611587
5.813457264e-26,149.64085877132175,5.626210021053623
5.813457264e-26,217.0530403614597,-8.122404483435531
5.813457264e-26,91.1661534435641,-256.6765518708607
5.813457264e-26,95.39185787572359,-45.355683013603056
5.813457264e-26,-68.86320512492658,-68.41457223949993
5.813457264e-26,-64.17031864290188,-102.7175567736956
5.813457264e-26,248.20909000337457,296.824496252714
5.813457264e-26,189.88247184446578,-2.8535091939956487
5.813457264e-26,-7.759148596154375,-143.16775846035512
5.813457264e-26,-295.29161930974084,-75.13359862189523
3.819884112e-26,0.0,0.0
5.813457264e-26,-1.5344514666097524,-99.02769239888927
3.819884112e-26,0.0,0.0
5.813457264e-26,124.73494627891378,-156.1511416549583
5.813457264e-26,-185.38615727698033,-70.94829636263566
9.633341376e-26,-81.7198608723822,-145.78158118145305
9.633341376e-26,171.22621470095032,-94.19570336811246
9.633341376e-26,45.18402034757089,133.37019639938347
9.633341376e-26,-14.528868885380973,204.27466629316686
9.633341376e-26,35.168113153299515,-38.71308602951254
9.633341376e-26,-297.95814110247886,153.62086746430617
9.633341376e-26,62.14177541950653,22.270323889736147
9.633341376e-26,-79.17437079322721,100.14236544747595
9.633341376e-26,-26.936438643842934,-58.99443495301159
9.633341376e-26,-184.11552431952768,134.75165265449152
9.633341376e-26,128.37339103328586,48.890360896000786
9.633341376e-26,-118.09183847935971,-27.692316282477435
9.633341376e-26,56.379661478296555,-262.44321291511847
9.633341376e-26,128.25492197821876,35.21306710964208
9.633341376e-26,-108.35844176764277,-21.01910659596291
9.633341376e-26,35.365928302767564,155.35403907594002
9.633341376e-26,-21.60442021154678,116.2972740235585
9.633341376e-26,7.8535903169276295,-33.99814310473258
9.633341376e-26,124.86773236837641,-99.55505407117265
9.633341376e-26,-52.64868368543921,-92.9137640796621
9.633341376e-26,-102.89980944336247,106.50992963965433
9.633341376e-26,39.63939493559421,31.323738640593604
9.633341376e-26,115.9912459050807,94.04803289308454
9.633341376e-26,1.415098574145233,-166.7327433199419
9.633341376e-26,-14.013928224934872,-97.92892115016627
9.633341376e-26,-114.77345962775712,301.2517474169439
9.633341376e-26,32.46635694927187,18.028230158696374
9.633341376e-26,44.774119524801904,-42.790258132382164
9.633341376e-26,-32.41807954671859,86.28795844426331
9.633341376e-26,-15.156384155680428,113.20976133094791
9.633341376e-26,-89.24274638674625,-170.27847490251747
9.633341376e-26,35.4358278203402,61.568855699653206
9.633341376e-26,-150.80799474676655,12.826474816196281
9.633341376e-26,44.997003373987106,11.23958772977904
9.633341376e-26,12.863520436114413,-72.68566549657692
9.633341376e-26,-159.75872695716149,-23.484457800835813
9.633341376e-26,64.42719593902987,-121.06392321530639
9.633341376e-26,40.09954674317811,240.07232995502727
9.633341376e-26,-118.9888305032591,169.52177764902416
9.633341376e-26,-85.7068780849894,22.67782560594521
9.633341376e-26,117.93557223139852,-76.4807018542279
9.633341376e-26,-198.21809332790235,-156.31379505579548
9.633341376e-26,9.052323529593764,117.57398853828256
9.633341376e-26,-13.077312416564979,87.66733027056287
9.633341376e-26,-57.523525934031255,-70.2301801491677
9.633341376e-26,-199.40013396015092,-38.19541856289234
9.633341376e-26,-102.65001520225115,52.164642755795285
9.633341376e-26,0.3262554789059493,228.4087439826908
9.633341376e-26,-164.61364867481603,-59.3103192126963
9.633341376e-26,28.681063779390627,188.16023643496794
9.633341376e-26,68.11204914063384,-42.40898695774088
9.633341376e-26,57.72933013816393,54.97021665552788
9.633341376e-26,-169.08175246246554,-50.43475272701704
9.633341376e-26,70.96095255890572,-41.24244111853542
9.633341376e-26,133.6845201223158,-95.69291312038746
9.633341376e-26,244.65283230305153,-1.339921949824486
9.633341376e-26,92.88800460022983,-10.203390927994661
9.633341376e-26,211.93518554532676,100.93638906192645
9.633341376e-26,-76.1559383111038,-108.10673615884284
9.633341376e-26,144.66079929200004,-73.10469753505946
9.633341376e-26,55.31307160805986,-75.70919786502179
9.633341376e-26,-128.14060238572537,186.13695748212817
9.633341376e-26,142.24879777274722,92.05589499878037
9.633341376e-26,-12.422706479384374,144.60967898284522
9.633341376e-26,-70.71441748371876,208.93821326766988
9.633341376e-26,61.418269514554424,20.023014219173625
9.633341376e-26,92.61008921093315,3.5120197315521153
9.633341376e-26,106.55769723290533,80.38459494935977
9.633341376e-26,-14.30840300591882,-191.48987847391822
9.633341376e-26,92.7281656724146,38.71118349933951
9.633341376e-26,-35.34247729032205,-104.44188414216019
9.633341376e-26,-26.447920107362478,102.21115553240067
9.633341376e-26,114.14448992576935,-50.47746388156415
9.633341376e-26,46.328103000861546,95.2412543599691
9.633341376e-26,41.659170457543794,175.72555066386087
9.633341376e-26,-38.20897066937802,223.6209462604458
9.633341376e-26,103.06002181177348,184.0257522956686
9.633341376e-26,126.66123926820552,-202.09436995107976
9.633341376e-26,-161.14289146894458,-4.601783542356635
9.633341376e-26,-66.68413031726328,7.272535585620972
9.633341376e-26,-42.572582805606686,65.26187607900141
9.633341376e-26,-179.47844334264832,81.72999497128654
9.633341376e-26,8.789282598096179,-149.97206555761232
9.633341376e-26,-92.91297255423694,84.25659792152041
9.633341376e-26,29.532722779739345,53.15166042312069
9.633341376e-26,-205.3550958318644,-98.93068878931268
9.633341376e-26,-112.58222094080071,30.388423963668735
9.633341376e-26,178.938334825083,5.82973701604098
9.633341376e-26,-152.5720292693569,127.65126646233784
9.633341376e-26,-34.10448826315846,-55.08546052303659
9.633341376e-26,43.1133492038049,-92.2481603123772
9.633341376e-26,87.0710274568996,-52.18562364507078
9.633341376e-26,55.305762176727285,16.35114431438336
9.633341376e-26,67.69912053941431,-243.05817063620765
9.633341376e-26,-21.34399076288767,-27.688086397967766
9.633341376e-26,125.98779385355812,-139.02446805106473
9.633341376e-26,52.21725090115385,0.5818024016538175
9.633341376e-26,-63.6757606407177,2.2528600167600814
9.633341376e-26,-119.22372163661359,30.522421884085958
9.633341376e-26,-1.5591304323932604,84.48241407226271
9.633341376e-26,-81.30164185826335,4.667576943400292
9.633341376e-26,-155.34544663383838,-88.15734215146365
9.633341376e-26,42.817592908607025,-199.50140558033144
9.633341376e-26,81.61428983099054,-78.58140934460499
9.633341376e-26,21.1024515890731,127.66216343339443
9.633341376e-26,-11.477416482992723,43.96867819978061
9.633341376e-26,32.4510372933719,-355.3359385975433
9.633341376e-26,-58.99566480751791,185.37609572004024
9.633341376e-26,-80.45368576800198,63.652192848125125
9.633341376e-26,35.59687271776575,2.550259345096208
9.633341376e-26,32.061038993725674,17.860416440344764
9.633341376e-26,159.75135520762004,5.605775170430292
9.633341376e-26,70.03763033227007,-102.97338663798354
9.633341376e-26,-129.91914698576082,-222.25709176909962
9.633341376e-26,125.8013773612673,-144.73795168551737
9.633341376e-26,86.87601205408797,185.84482769043478
9.633341376e-26,-5.326545147435262,-72.76649516998584
9.633341376e-26,-205.80019836062675,-161.03843226590166
9.633341376e-26,-124.86155033036385,65.7680430624548
9.633341376e-26,38.892401062895544,28.62635257847498
9.633341376e-26,-63.85323765611297,102.43917744659494
9.633341376e-26,-22.736707108160488,-222.6865921908903
9.633341376e-26,73.97171564565406,20.120402692622122
9.633341376e-26,-138.76426026806897,106.60960612758966
9.633341376e-26,-194.1112818644723,-281.61267111373337
9.633341376e-26,-50.61148854364208,-58.73715874615674
9.633341376e-26,-2.556679962486129,-42.35055747913093
9.633341376e-26,59.23958938507834,-31.188187431579536
9.633341376e-26,59.88159120770896,-103.61097226333212
9.633341376e-26,125.83959697570896,-109.35324869026618
9.633341376e-26,-92.82556875171596,95.31719480866664
9.633341376e-26,136.271139582346,55.35113510720441
9.633341376e-26,-152.71393803856415,-82.14895375738551
9.633341376e-26,-6.544934917913963,-144.69689068870602
9.633341376e-26,-31.243647432133066,180.8940219303969
9.633341376e-26,90.66891605641896,-228.54360182289986
9.633341376e-26,-139.16860649069923,-103.30504194208007
9.633341376e-26,202.22280718475503,-187.15209473136576
9.633341376e-26,135.47397676317223,-98.246793201928
9.633341376e-26,-128.52853737425465,8.443502439844721
9.633341376e-26,11.217706558627752,16.91187137816729
9.633341376e-26,-194.12818681481116,-40.356976139901974
9.633341376e-26,238.6534480574461,-64.69459956501757
9.633341376e-26,-91.7863286158859,-183.65130286426535
9.633341376e-26,14.409532468157568,-4.729391375521477
9.633341376e-26,-43.62995441265002,-100.99463848163413
9.633341376e-26,21.244422970657766,-261.17556235681565
9.633341376e-26,-18.82230117297422,56.92676669176616
9.633341376e-26,-16.28184013835329,24.975535290451944
9.633341376e-26,23.895069679308346,151.68571677249415
9.633341376e-26,-117.0698752645337,-28.89381140604855
9.633341376e-26,279.51559621549893,120.62391122896273
9.633341376e-26,-345.79755841625047,95.46176967381442
9.633341376e-26,59.8783395242256,46.393536075646274
9.633341376e-26,-111.07536582415516,-84.12381294254517
9.633341376e-26,-93.72492578982713,5.112664122400034
9.633341376e-26,-79.98289487503362,-163.50639195396408
9.633341376e-26,-33.338049474867546,-185.48817853885035
9.633341376e-26,164.33835406247056,-59.49159425981986
9.633341376e-26,-14.605402400391768,-33.05082162991235
9.633341376e-26,14.653932509712611,90.56208151166842
9.633341376e-26,-85.68794319080759,110.82523458066494
9.633341376e-26,3.1169924577115644,78.69680024747066
9.633341376e-26,205.76615958265972,75.77954130088558
9.633341376e-26,18.661400974734093,34.228505548706394
9.633341376e-26,146.993783051408,67.11172501368316
9.633341376e-26,-30.27670354179125,-126.77168545473042
9.633341376e-26,-78.43391443269773,76.6032385624688
9.633341376e-26,13.037035064683522,38.08060364352181
9.633341376e-26,115.25762570672691,9.138425237856325
9.633341376e-26,199.99926860118282,74.88824214542862
9.633341376e-26,65.87811350462951,194.26746041535574
9.633341376e-26,123.56995796568066,-87.07682379467656
9.633341376e-26,36.59583396742289,-118.17483285169783
9.633341376e-26,-79.22928649157907,-68.80856475508602
9.633341376e-26,52.825997965331226,37.83500264244799
9.633341376e-26,-57.42892277778952,115.51294521068759
9.633341376e-26,160.27906269359295,97.320277661559
9.633341376e-26,-81.06900759086996,64.84114687762874
9.633341376e-26,302.95283338258116,153.6464418781681
9.633341376e-26,-168.7971139211188,12.79842211730434
9.633341376e-26,98.0068656717423,-72.1477132511634
9.633341376e-26,-55.81280290273904,-180.7401935800347
9.633341376e-26,9.75099368904091,148.94079354645416
9.633341376e-26,-17.92231523436777,58.82230815975228
9.633341376e-26,163.98717449409645,-165.76955754487744
9.633341376e-26,-57.1903237620225,-23.950246458089154
9.633341376e-26,142.63185040317086,223.95975188389912
9.633341376e-26,113.01769557776764,35.11838757942559
9.633341376e-26,262.718163696509,7.404761526402581
9.633341376e-26,-21.483671361143394,-66.61959390033957
9.633341376e-26,-202.4607213226881,228.00547771059178
9.633341376e-26,-30.089502277239774,142.62224287913878
9.633341376e-26,22.01621981707396,-13.434893649531645
9.633341376e-26,3.414750451165574,82.41128158682866
9.633341376e-26,101.63033719640569,104.65468340813581
9.633341376e-26,111.18147867503662,159.2975425715427
9.633341376e-26,151.40541217695167,-73.41856179432105
9.633341376e-26,-16.086561132137945,-100.85652042332616
9.633341376e-26,59.02603533348952,119.87793313011457
9.633341376e-26,57.209536557443684,20.179098968554626
9.633341376e-26,-44.76998883031638,331.4955961093483
9.633341376e-26,250.9137527668191,174.64833729146994
9.633341376e-26,107.91151044206639,157.1032787557899
9.633341376e-26,-283.08747734772624,140.22136941294363
9.633341376e-26,-53.73784256622267,71.43023471154018
9.633341376e-26,-92.45973831812812,-235.20744542356056
9.633341376e-26,32.662877873695834,-92.98000889801693
9.633341376e-26,55.15806317353701,-67.80935431425368
9.633341376e-26,13.37434540903574,74.23571654094985
9.633341376e-26,-72.38905004940469,-17.77359741093298
9.633341376e-26,170.6071529553703,-14.171429738768495
9.633341376e-26,-34.68085498459351,-259.4704410627448
9.633341376e-26,44.621388837403885,3.4369165745626304
9.633341376e-26,43.15810015049466,118.12756655440404
9.633341376e-26,45.044555830435144,80.12576349671994
9.633341376e-26,41.941278597254495,-163.6772613848741
9.633341376e-26,72.66432604115576,161.7759711529394
9.633341376e-26,38.03712809661055,-126.97684984143964
9.633341376e-26,-125.80077969550646,64.86091224887167
9.633341376e-26,-51.86952570476768,-22.108972930810864
9.633341376e-26,-35.526829874929625,-84.04052818056522
9.633341376e-26,-10.309775469447345,139.79183252644884
9.633341376e-26,-19.37226304987088,-206.93644536020395
9.633341376e-26,-161.63227794099797,103.07388443403929
9.633341376e-26,16.487570884434348,-117.60962532364253
9.633341376e-26,74.15880242097975,-16.611487078272134
9.633341376e-26,-236.36992022521747,165.36518349045173
9.633341376e-26,146.88927879118552,-59.33745417756077
9.633341376e-26,-103.86955899535724,125.81622528199324
9.633341376e-26,45.92814154413064,170.9603247436985
9.633341376e-26,-199.67047050111958,-150.5040105641445
9.633341376e-26,43.793734002548945,303.84229041246584
9.633341376e-26,53.29365501890743,-21.68838352453264
9.633341376e-26,-184.99743342945717,238.20890710305093
9.633341376e-26,21.362859153621542,-3.0274411056698227
9.633341376e-26,55.352311735805806,-39.54481112291758
9.633341376e-26,-83.36227328598181,41.5196071090775
9.633341376e-26,-82.48930740807049,113.31658817365476
9.633341376e-26,-24.183967880769487,20.616150270604976
9.633341376e-26,79.15692295133255,112.54185912654475
9.633341376e-26,-310.0514817047049,5.8558105584032205
9.633341376e-26,-88.67734220082203,-28.798474401012648
9.633341376e-26,-76.28780832995677,112.32306831502193
9.633341376e-26,-108.43159392898755,-51.817366430926484
9.633341376e-26,58.31565594073509,-185.61979478387272
9.633341376e-26,61.00286798434138,-48.636409831686734
9.633341376e-26,-37.679899999045276,94.46010042394946
9.633341376e-26,-115.21572720264277,24.941030958361182
9.633341376e-26,-87.92096967568116,10.057125286191365
9.633341376e-26,-32.46641040612802,-52.70388408499993
9.633341376e-26,-14.925741990270637,-127.44749365148436
9.633341376e-26,-23.26088274238891,-52.665569579139145
9.633341376e-26,-294.07830505712116,18.249766373890452
9.633341376e-26,3.4259458048981117,-77.58317159965756
9.633341376e-26,-99.44651084212866,34.80308327017224
9.633341376e-26,-16.340165713307442,217.84592268865663
9.633341376e-26,-144.67747006172323,31.912384818283215
9.633341376e-26,0.20397268606478747,-192.60325512991017
9.633341376e-26,-49.273570720178974,-185.70612311731838
9.633341376e-26,-91.83816262915502,-27.80397276997573
9.633341376e-26,138.01407337413127,-111.43574112214594
9.633341376e-26,-65.79765438072815,-188.47667165602303
9.633341376e-26,-22.311366789736695,-194.012423966555
9.633341376e-26,2.608879540805731,55.61510561567738
9.633341376e-26,-90.02320145643478,91.63183070895745
9.633341376e-26,-148.8128433532602,-151.9570366750792
9.633341376e-26,10.287560771836361,-15.44377907330686
9.633341376e-26,-154.72896340357326,12.65138953776102
9.633341376e-26,203.6564052478234,32.42787899433824
9.633341376e-26,-26.579741735039818,-129.4338865440245
9.633341376e-26,-85.97195754936507,77.5359766774453
9.633341376e-26,27.246337303736382,-2.7529015220017925
9.633341376e-26,242.1957313053812,-98.32338307328246
9.633341376e-26,-119.83918617593213,-6.025720849970421
9.633341376e-26,45.35094511986741,-163.35821719334427
9.633341376e-26,-37.282980755498954,-5.892532352652466
9.633341376e-26,-178.58091767986488,-192.6002290612497
9.633341376e-26,216.40174437768303,76.40948698533487
9.633341376e-26,92.49825153658557,89.47814435109794
9.633341376e-26,-31.112168281090504,-54.06302701704062
9.633341376e-26,0.03336005827289057,-45.51988536162756
9.633341376e-26,4.9304923450552,-141.18584500857497
9.633341376e-26,-40.32110264838661,65.77917490079467
9.633341376e-26,-93.8964408638285,28.79990949890549
9.633341376e-26,36.55919516960003,-161.61800501297392
9.633341376e-26,58.037667405637535,92.76530939575893
9.633341376e-26,81.21010409080226,25.875311819040093
9.633341376e-26,43.31572827592986,-44.4095696545524
9.633341376e-26,-33.54232723437339,186.69957718963462
9.633341376e-26,-60.990094894461805,-11.750065690772132
9.633341376e-26,35.55304903313101,179.8197681441315
9.633341376e-26,68.74695916727197,-107.29436478406777
9.633341376e-26,-85.34622911066054,-189.00086307736711
9.633341376e-26,17.78477608372485,86.5103664230682
9.633341376e-26,-123.52581523056374,-139.35456653670866
9.633341376e-26,7.7820923217018105,-177.80301754466606
9.633341376e-26,134.5108835875976,23.4991783656506
9.633341376e-26,141.85899057560215,-27.138632500670923
9.633341376e-26,253.92591574976234,-98.82033771281237
9.633341376e-26,25.962242259621917,155.59209054725417
9.633341376e-26,16.944032443053047,-20.827306859499146
9.633341376e-26,-143.79951921965343,99.46930707469721
9.633341376e-26,-88.21707273324233,67.42685780400654
9.633341376e-26,-53.2364961479367,84.96387506675111
9.633341376e-26,162.7558858942275,74.36553520169385
9.633341376e-26,-103.42191281859513,-91.55692996340872
9.633341376e-26,-25.53015795785158,-191.72752389060773
9.633341376e-26,199.18349288895254,-14.152674486524617
9.633341376e-26,-45.17771904588756,-15.350811195972113
9.633341376e-26,-104.23291528616963,67.08502493864083
9.633341376e-26,77.10440401603091,-205.75848916696444
9.633341376e-26,66.99859215885209,-208.41183159439467
9.633341376e-26,92.99532907932446,65.45468834037207
9.633341376e-26,-67.43914648076428,73.22943790070595
9.633341376e-26,21.973776533990588,-133.6991367019832
9.633341376e-26,-94.37066638912185,-223.2261339071406
9.633341376e-26,99.27198716766827,-65.51033869741848
9.633341376e-26,-24.937113696404595,114.22585856083974
9.633341376e-26,65.66734244044734,-28.085423606730416
9.633341376e-26,-75.62341938922557,131.77936046839955
9.633341376e-26,-54.69735136550483,7.963485387182928
9.633341376e-26,23.972176966969798,36.63661557876948
9.633341376e-26,-32.54895801070947,-180.6084889411463
9.633341376e-26,13.538926544856771,-137.51329618878276
9.633341376e-26,129.2840389566978,-50.49930701788335
9.633341376e-26,99.10422240922203,-70.77743463032985
9.633341376e-26,145.086500255209,-62.03916244107138
9.633341376e-26,-66.90291205391533,-165.98806139324233
9.633341376e-26,-79.95290234144417,111.55643616903103
9.633341376e-26,50.879992232224794,63.737946791802784
9.633341376e-26,-53.88454805006119,93.16352527018894
9.633341376e-26,39.31038355906344,123.79348721636651
9.633341376e-26,120.55275466134782,-19.93406746322963
9.633341376e-26,149.2031115718489,-122.16092370926509
9.633341376e-26,102.45777252585961,76.09539401931562
9.633341376e-26,101.40377255358868,135.0743404733667
9.633341376e-26,75.36057335052988,-20.169108117389854
9.633341376e-26,-41.75687133765371,-173.97934226502582
9.633341376e-26,-25.02575296313833,-67.58762024057242
9.633341376e-26,130.29670407703713,48.597542767467665
9.633341376e-26,10.435253993069587,-158.59670281490423
9.633341376e-26,21.21944055966918,94.8614861877827
9.633341376e-26,169.4369998689553,-64.92466954520853
9.633341376e-26,-185.9951988515175,-173.66522469437808
9.633341376e-26,-26.1460709226333,364.0671915926739
9.633341376e-26,-45.90570952855599,151.19609590432316
9.633341376e-26,-78.54067093345441,-90.71366343307521
9.633341376e-26,204.46292183861405,-61.582171408862244
9.633341376e-26,-16.924162046046817,72.21407000177722
9.633341376e-26,161.31698083918133,-68.70228288906797
9.633341376e-26,80.56205602068766,-13.226628877792308
9.633341376e-26,129.12398295239285,-29.220520321221954
9.633341376e-26,-54.075882394495736,28.883794608412842
9.633341376e-26,-175.36489381780214,3.5152995093955823
9.633341376e-26,-196.2440196522148,-213.25624570916912
9.633341376e-26,85.51847364313056,-12.505985569856037
9.633341376e-26,-169.36968337543672,-78.21741033826419
9.633341376e-26,62.84958687481702,-112.13570217010579
9.633341376e-26,34.228059914576264,-122.84001638436769
9.633341376e-26,-122.35029117451177,133.02581032315345
9.633341376e-26,-89.31997914670819,-15.34025665861338
9.633341376e-26,-119.75222499078978,-5.702624653607714
9.633341376e-26,-51.27695088884367,-18.397191496998786
9.633341376e-26,63.941372148073285,-133.6408884438012
9.633341376e-26,-35.47264709652137,-11.23400378642718
9.633341376e-26,64.5807711958003,-82.78477102743238
9.633341376e-26,19.183682899127817,185.97927924691254
9.633341376e-26,58.28505999235789,210.44134540978501
9.633341376e-26,166.89957732430153,64.01326740383672
9.633341376e-26,187.86400853914589,-85.67396253477514
9.633341376e-26,178.01997244078674,-108.52657565185115
9.633341376e-26,21.778104442780695,-124.60286600584101
9.633341376e-26,12.85046690123869,-1.1697799898630947
9.633341376e-26,52.80660618355048,20.62847353008118
9.633341376e-26,-79.02471691483287,-45.83048903400589
9.633341376e-26,-13.839327035719336,53.6121131245515
9.633341376e-26,-96.89681323017112,78.04227350147566
9.633341376e-26,-188.61424632018975,-147.4020363529345
9.633341376e-26,6.908852333497151,99.4128134836569
9.633341376e-26,-132.5956910936021,-171.36106509742942
9.633341376e-26,-291.6277815043799,55.7081138083865
9.633341376e-26,68.74398714765427,-161.51264816684557
9.633341376e-26,-37.746349549472406,97.99297343565667
9.633341376e-26,-47.69603649051773,-118.31451160127358
9.633341376e-26,277.6070319488588,-35.47442078477927
9.633341376e-26,-275.49241039221164,-204.59115547782923
9.633341376e-26,11.883238736893617,88.41830068088262
9.633341376e-26,319.24362481465624,-101.72110978906969
9.633341376e-26,-67.4743995892006,10.111957584042358
9.633341376e-26,-27.219551047059042,-76.30053577990118
9.633341376e-26,-187.73302935869373,-119.62888516150196
9.633341376e-26,78.19645105884808,126.90206806670321
9.633341376e-26,-85.97642472512916,90.59208396301347
9.633341376e-26,-133.99061344746926,208.838248062101
9.633341376e-26,-232.60563881368472,-75.34223888792451
9.633341376e-26,-37.28509826121346,23.27983387304863
9.633341376e-26,-107.28904586560608,35.36863985234057
9.633341376e-26,-155.19092287487288,-78.04497194615973
9.633341376e-26,129.39563903970895,-105.35495574887747
9.633341376e-26,-7.162234322279346,-140.02739807105027
9.633341376e-26,-23.38355078954868,105.36638903679322
9.633341376e-26,18.236992023111284,43.346870705345594
9.633341376e-26,-43.21245587632286,-83.0641522594724
9.633341376e-26,59.983964204043005,2.7765485256773843
9.633341376e-26,40.83261529451647,-13.743277438150955
9.633341376e-26,-17.2647226910982,-265.5745702149229
9.633341376e-26,9.550296712259552,84.39150359251263
9.633341376e-26,123.86818250828684,36.41526134628653
9.633341376e-26,-30.551002032218747,-184.7707368012249
9.633341376e-26,61.706974689714244,172.96327965769834
9.633341376e-26,174.00323160699827,-33.75033363730617
9.633341376e-26,-81.22290842921728,102.45833551099244
9.633341376e-26,17.018379465115146,-53.57958970269485
9.633341376e-26,85.13252341204776,-83.04349601533082
9.633341376e-26,90.5593247704453,-44.9165128626811
9.633341376e-26,-140.25706662813553,113.08130471494815
9.633341376e-26,2.2781989500955575,126.24444063450309
9.633341376e-26,52.659011098427555,-126.20674600915235
9.633341376e-26,-121.26098559649202,12.408323706318765
9.633341376e-26,-60.889585998625606,218.79593368998826
9.633341376e-26,-104.59172006861945,-133.83239093772073
9.633341376e-26,88.83300797379238,-31.92139650143764
9.633341376e-26,4.560568255009429,-111.36053065716591
9.633341376e-26,-12.171155358889592,237.3667287760892
9.633341376e-26,-23.356538561182617,46.586591050964486
9.633341376e-26,-75.80783767794578,-148.33292478382077
9.633341376e-26,92.14510089465156,153.6311670252545
9.633341376e-26,-82.46382197305192,133.51034855807188
9.633341376e-26,223.09237501620186,102.37418289990734
9.633341376e-26,43.58595077327268,100.24949056922962
9.633341376e-26,308.8191694036671,28.231475242707432
9.633341376e-26,-55.14116869711856,-52.74845263868775
9.633341376e-26,75.5560790761898,-62.098259638311646
9.633341376e-26,-114.83640388095667,-112.6609518092488
9.633341376e-26,-103.16878312145772,64.75288314303918
9.633341376e-26,-53.33649018995226,40.487577768779104
9.633341376e-26,-47.90599908332604,65.71483414497428
9.633341376e-26,-34.70069058531442,62.017986228212834
9.633341376e-26,-165.74986250559022,-133.91363621812036
9.633341376e-26,170.06824797682998,-113.38291713442672
9.633341376e-26,45.2935253982672,-52.263010519974415
9.633341376e-26,-23.069853467614266,97.16804758076691
9.633341376e-26,99.0646909403182,-86.30844924314636
9.633341376e-26,13.534590825966347,-24.341100609381286
9.633341376e-26,-171.72837926786625,-57.850057646521265
9.633341376e-26,-55.01939641944328,111.86766189089863
9.633341376e-26,38.54350771913373,18.755328780603648
9.633341376e-26,61.46109139746592,30.194964341038386
9.633341376e-26,296.4307197412361,82.89763913225046
9.633341376e-26,36.972654392468534,-34.38940817090648
9.633341376e-26,109.27713924342595,-87.16697623843427
9.633341376e-26,14.633819388256171,-11.715728339220675
9.633341376e-26,-139.83390080706872,190.94991451924398
9.633341376e-26,111.79227346061037,25.44879099584395
9.633341376e-26,192.2726012182115,61.61625863148578
9.633341376e-26,196.96779384350947,104.68009747006865
9.633341376e-26,92.03451441363423,313.43213658092606
9.633341376e-26,-78.13375337292294,-134.5818818262937
9.633341376e-26,185.66732334030263,-44.07459638343943
9.633341376e-26,-66.94765087570718,36.92795885681583
9.633341376e-26,-46.14505021272586,30.358113300149455
9.633341376e-26,118.12080048282138,-283.90068933486157
9.633341376e-26,145.6469784924501,163.2813186684422
9.633341376e-26,-154.9205929780811,57.9010416843081
9.633341376e-26,19.374585651058396,-76.52381839826987
9.633341376e-26,-121.7170384040491,-33.088225873632325
9.633341376e-26,-32.93137520796,-146.30568487425705
9.633341376e-26,-67.5545257234513,-93.07665071519887
9.633341376e-26,-117.60727745988851,44.36984299320008
9.633341376e-26,125.99944054486596,-42.20931306928114
9.633341376e-26,110.27576698261711,43.36924897637428
9.633341376e-26,70.17272181623643,-89.42444683998986
9.633341376e-26,102.412668515963,35.73828714776502
9.633341376e-26,-79.08203776645914,-40.34035495516386
9.633341376e-26,87.02018239740869,-75.30459965501147
9.633341376e-26,-107.2059611861166,-33.279499685007025
9.633341376e-26,-18.465150548391506,84.2459976956671
9.633341376e-26,-40.74819644357912,-16.859902104169564
9.633341376e-26,-148.6890699790274,-21.38355302328904
9.633341376e-26,-69.03620698265586,235.20724254602862
9.633341376e-26,65.45337588166515,17.276548164255217
9.633341376e-26,-25.337970281486577,-44.23226657933725
9.633341376e-26,-192.928562742878,18.346835276719275
9.633341376e-26,44.34206894852154,-81.19395020333232
9.633341376e-26,177.14431728088886,80.1412789041931
9.633341376e-26,180.33488942299547,177.61513821561383
9.633341376e-26,-1.2567268314616378,-17.747070288581696
9.633341376e-26,-110.06703205515805,121.93652224270298
9.633341376e-26,-155.31635265329754,9.925883021556103
9.633341376e-26,-115.89934908051933,-10.420235671445397
9.633341376e-26,-80.82878282044067,-144.11175587447514
9.633341376e-26,109.91909176120227,-42.145617593208726
9.633341376e-26,11.344188238664913,198.88131676069236
9.633341376e-26,116.10388942225053,-193.1578020732506
9.633341376e-26,63.16135027813766,116.31578113312294
9.633341376e-26,-98.71262992697531,-122.53110937858932
9.633341376e-26,-86.78414893942715,70.39968657825636
9.633341376e-26,-171.00948744835574,19.535164225225415
9.633341376e-26,-103.51163337218921,-18.618348850662258
9.633341376e-26,-14.611257568283406,-88.88641070656374
9.633341376e-26,-236.99768110649853,-77.32186022993633
9.633341376e-26,33.26346496565871,3.0851781690418676
9.633341376e-26,41.95283086951591,119.53866217411402
9.633341376e-26,-72.15954940097163,-254.79381919832855
9.633341376e-26,80.77639574739295,-318.7909948104883
9.633341376e-26,-33.34676092889204,12.063097768649655
9.633341376e-26,178.81642560434506,183.70556858488578
9.633341376e-26,14.701197276362237,-40.55978523161041
9.633341376e-26,109.23843878954104,164.8229324686829
9.633341376e-26,-209.14952016933043,19.24144784210053
9.633341376e-26,81.26812198259552,-120.34801821055626
9.633341376e-26,-144.08392636897634,-49.10959228789926
9.633341376e-26,45.17556720389672,-122.99455436035575
9.633341376e-26,-50.39922334907588,77.27665677342236
9.633341376e-26,24.26481989644525,120.685327244652
9.633341376e-26,267.9379896600984,-241.36409261761844
9.633341376e-26,-179.3271627578512,-82.90478239769499
9.633341376e-26,32.50066906476589,-54.74135433686285
9.633341376e-26,-134.5559179943732,223.1045221464849
9.633341376e-26,-146.50746184439433,11.571399784336464
9.633341376e-26,-122.02183843065296,156.8346150215803
9.633341376e-26,-7.1766709903068175,89.70062729752266
9.633341376e-26,-58.153291252095244,41.38231392689967
9.633341376e-26,-17.591234371783827,327.61323424290265
9.633341376e-26,144.96902683030652,-40.91586219421737
9.633341376e-26,11.495363180955508,-40.0752902025978
9.633341376e-26,-30.68714217441807,99.11377801054019
9.633341376e-26,-34.55856647428344,-101.98398878444559
9.633341376e-26,-41.09456109597353,20.134748977600097
9.633341376e-26,-72.1298458554671,-7.053459354013995
9.633341376e-26,11.107988331557493,52.81637655991218
9.633341376e-26,123.25100218153416,-58.77451498518096
9.633341376e-26,-78.23322583816139,91.8333361592506
9.633341376e-26,-82.96393581579937,115.2405457031533
9.633341376e-26,-198.15541332669795,33.38402758917486
9.633341376e-26,1.5479841490851953,-48.287864473105444
9.633341376e-26,67.35659676929714,-34.148058984544434
9.633341376e-26,-58.23817861831283,-166.67858974009494
9.633341376e-26,113.4020580335738,-172.4432310950206
9.633341376e-26,45.04100855664503,29.189597275218183
9.633341376e-26,-47.588519210780824,18.353776815246047
9.633341376e-26,11.647523815391537,-113.93043583974199
9.633341376e-26,-157.86868501665612,-46.13872452224945
9.633341376e-26,-135.2192559426666,91.5272133424714
9.633341376e-26,-103.3164449414126,-230.06771568712543
9.633341376e-26,-31.42917063740981,-44.42474746985718
9.633341376e-26,-34.70540632618355,-1.584767402697345
9.633341376e-26,-76.84490041868241,-71.51674636038427
9.633341376e-26,3.819982282498742,-28.75128074616633
9.633341376e-26,-16.521822425069857,-295.4090426894535
9.633341376e-26,36.91514242192301,-48.2135564758754
9.633341376e-26,113.32875611239183,-93.72095370027083
9.633341376e-26,-154.14593797003215,-40.290057736068434
9.633341376e-26,-20.652463272863926,183.21730204664985
9.633341376e-26,30.870534650637993,-175.60735898008028
9.633341376e-26,68.37090888710667,-88.96702621725606
9.633341376e-26,-24.536916242594955,-83.49197117504855
9.633341376e-26,92.76596455908981,12.056719763982443
9.633341376e-26,227.52691123454662,-16.93827813481596
9.633341376e-26,-31.422411599448765,29.032242931954784
9.633341376e-26,61.009092749521315,-3.665474607187228
9.633341376e-26,27.217355843736357,-80.4546420994965
9.633341376e-26,35.90497380491402,88.71280430267217
9.633341376e-26,198.46676001120608,-56.8421545242482
9.633341376e-26,-125.34270738104954,-10.397751565381299
9.633341376e-26,-48.00098090841845,27.49152401935214
9.633341376e-26,38.89415535578375,-76.40851420358345
9.633341376e-26,37.340138149153326,-37.2946144051104
9.633341376e-26,26.894317168858706,-115.14597279063435
9.633341376e-26,146.1902157636942,-44.51374147296692
9.633341376e-26,-17.241642587793937,-90.2594002886555
9.633341376e-26,-53.85994863252179,-74.09160584214818
9.633341376e-26,-157.31001903907782,-2.5639271229113874
9.633341376e-26,116.6187637473764,208.42377938626254
9.633341376e-26,-39.16899572250588,117.90631849835104
9.633341376e-26,29.05083315882394,-5.45530764359367
9.633341376e-26,-126.06316894619329,131.27477613629912
9.633341376e-26,-34.989864662876485,-171.09318959658572
9.633341376e-26,-259.274640052817,-10.098813756602937
9.633341376e-26,42.31723032241277,-162.92546801013947
9.633341376e-26,167.0889928786674,-131.80761293514996
9.633341376e-26,63.99329413199062,-49.130569429100696
9.633341376e-26,-93.71786036717168,-80.38185661634613
9.633341376e-26,41.55212663586259,-154.15622151957018
9.633341376e-26,-19.485195494930608,-169.8084628139529
9.633341376e-26,17.764699268145595,-88.69886611486064
9.633341376e-26,135.32120936736845,21.98900018534941
9.633341376e-26,104.62517390190848,150.7574266739191
9.633341376e-26,77.51356439751497,-134.89424785421383
9.633341376e-26,21.19179693019811,-74.73393731368301
9.633341376e-26,22.47287135370496,135.68176276271345
9.633341376e-26,-14.195485780718727,21.176549039086346
9.633341376e-26,20.744315975100193,-76.69637537242504
9.633341376e-26,88.79931625817711,164.53756923765854
9.633341376e-26,-148.69844905318413,-26.334990753663234
9.633341376e-26,13.030197959717228,21.48086243906507
9.633341376e-26,71.78074279803455,178.74174053902883
9.633341376e-26,85.24175264685816,39.317322141359114
9.633341376e-26,-90.47230377529065,159.6513378312087
9.633341376e-26,105.99654679698567,24.09299248491999
9.633341376e-26,-76.2518933421891,-322.6284608742344
9.633341376e-26,101.63475905489767,-32.18552723364089
9.633341376e-26,61.146696395505515,-43.484024458978844
9.633341376e-26,-47.889827532659666,-59.07489340280124
9.633341376e-26,-275.1586534552584,78.32143082447024
9.633341376e-26,119.29334990396613,234.28851284870612
9.633341376e-26,-117.26233413774412,220.60695181621577
9.633341376e-26,-51.4280011413872,-45.70988422687569
9.633341376e-26,-108.94220940166691,24.663214332088387
9.633341376e-26,16.620036982843388,-57.79693388097811
9.633341376e-26,-67.15396962467088,135.96756545597438
9.633341376e-26,-52.782654099739595,102.94330699923938
9.633341376e-26,-32.13798952128275,-109.58394768055287
9.633341376e-26,-150.22908380846403,190.5696142051518
9.633341376e-26,-211.89846355472866,139.83976620325865
9.633341376e-26,72.22066183240463,-51.985242632862395
9.633341376e-26,-157.59738346387272,189.833026289732
9.633341376e-26,132.36445192989925,-37.73354147192279
9.633341376e-26,-197.2507357834466,46.83249382043334
9.633341376e-26,141.4232769500963,82.90636612966168
9.633341376e-26,11.772792550049843,-78.02582798347068
9.633341376e-26,-13.215868172006196,79.49964206586426
9.633341376e-26,-29.26512018364639,107.73285529402597
9.633341376e-26,204.68976702181664,39.899311517634146
9.633341376e-26,177.8133114770322,-77.39043252947768
9.633341376e-26,46.316394636434445,21.802926654846857
9.633341376e-26,-51.553474918997324,25.396106863873953
9.633341376e-26,-49.19474213891225,-30.059290046429595
9.633341376e-26,-35.97141476559439,-209.18425829515445
9.633341376e-26,-106.12472540771054,-39.24210508889793
9.633341376e-26,174.13218857205032,83.1316210919109
9.633341376e-26,-69.58168726606732,-157.958315396461
9.633341376e-26,62.159638304295996,22.956491208270492
9.633341376e-26,-128.2187221118313,210.7269116420122
9.633341376e-26,40.283613490829964,-28.145855176233127
9.633341376e-26,-357.04704825502165,50.29534608005528
9.633341376e-26,-4.921132206649041,51.806370057390126
9.633341376e-26,-209.70515788227283,128.17690586508306
9.633341376e-26,-21.659807496297418,-46.91206431236239
9.633341376e-26,96.80168333941478,-8.492194169483923
9.633341376e-26,5.612770971712621,47.4972488808759
9.633341376e-26,-6.61209803744147,-227.59788490076167
9.633341376e-26,-124.70046915255753,90.4280770169911
9.633341376e-26,129.43609268815646,-27.808270218056165
9.633341376e-26,24.983636829058938,186.60328978100884
9.633341376e-26,-85.27255896511637,51.1344754453078
9.633341376e-26,-144.94264393072652,25.30555658093121
9.633341376e-26,-71.28370026731153,67.53809649575624
9.633341376e-26,-33.75290424454239,67.97387992122972
9.633341376e-26,-37.6664931749968,21.6725105067419
9.633341376e-26,31.469433176549614,-85.55530114397686
9.633341376e-26,-188.6761564375046,58.133940531778244
9.633341376e-26,-130.19513249209302,-205.9567901510691
9.633341376e-26,71.6104568349235,-30.533103086161503
9.633341376e-26,-129.325525668092,9.273746286056749
9.633341376e-26,13.614961840092022,32.84204136444929
9.633341376e-26,10.221517804005487,-103.59877144417945
9.633341376e-26,-43.25873418915732,-300.26148529437705
9.633341376e-26,125.07744961565201,39.25207857636843
9.633341376e-26,-86.76741516325984,-38.2951271811027
9.633341376e-26,1.9555013574683358,-158.55491653975395
9.633341376e-26,6.668042696202946,146.0509974387641
9.633341376e-26,149.08998100359497,48.23458034021361
9.633341376e-26,-7.392989755400357,153.7053064502056
9.633341376e-26,-28.128925179741174,-142.5562373481011
9.633341376e-26,-76.36067673895286,210.50809149746945
